<?xml version="1.0" encoding="UTF-8"?>
<beans:beans
	xmlns="http://www.springframework.org/schema/mvc"
	xmlns:xsi="http://www.w3.org/2001/XMLSchema-instance"
	xmlns:beans="http://www.springframework.org/schema/beans"
	xmlns:context="http://www.springframework.org/schema/context"
	xsi:schemaLocation="http://www.springframework.org/schema/mvc https://www.springframework.org/schema/mvc/spring-mvc.xsd
		http://www.springframework.org/schema/beans https://www.springframework.org/schema/beans/spring-beans.xsd
		http://www.springframework.org/schema/context https://www.springframework.org/schema/context/spring-context.xsd">

	<!-- DispatcherServlet Context: defines this servlet's request-processing 
		infrastructure -->

	<!-- Enables the Spring MVC @Controller programming model -->
	<annotation-driven />

	<!-- Handles HTTP GET requests for /resources/** by efficiently serving 
		up static resources in the ${webappRoot}/resources directory -->
	<resources mapping="/resources/**" location="/resources/" />
	<resources mapping="/img/**" location="/WEB-INF/img/" />
	<resources mapping="/js/**" location="/WEB-INF/js/" />
	<resources mapping="/css/**" location="/WEB-INF/css/" />

	<!-- Resolves views selected for rendering by @Controllers to .jsp resources 
		in the /WEB-INF/views directory -->
	<beans:bean
		class="org.springframework.web.servlet.view.InternalResourceViewResolver">
		<beans:property name="prefix" value="/WEB-INF/views/" />
		<beans:property name="suffix" value=".jsp" />
	</beans:bean>

	<context:component-scan
		base-package="edu.ssafy.spring" />

	<!-- fileupload 멀티파트 리졸버 -->
	<beans:bean id="multipartResolver"
		class="org.springframework.web.multipart.commons.CommonsMultipartResolver">
		<beans:property name="maxUploadSize" value="5232880" />
		<beans:property name="defaultEncoding" value="utf-8"></beans:property>
	</beans:bean>
	<!-- fileDownload -->
	<beans:bean id="filedownload"
		class="edu.ssafy.spring.util.FileDownload"></beans:bean>
	<beans:bean
		class="org.springframework.web.servlet.view.BeanNameViewResolver">
		<beans:property name="order" value="0"></beans:property>
	</beans:bean>
	<!-- <beans:bean id="commonInterceptor" class="edu.ssafy.spring.util.CommonInterceptor"/> -->
	<interceptors>
		<interceptor>
			<mapping path="/**" />
			<exclude-mapping path="/mem/list" />
			<!-- <beans:ref bean="commonInterceptor" /> -->
			<beans:bean
				class="edu.ssafy.spring.util.CommonInterceptor" />
		</interceptor>
		<interceptor>
			<mapping path="/**" />
			<exclude-mapping path="/mem/list" />
			<!-- <beans:ref bean="commonInterceptor" /> -->
			<beans:bean
				class="edu.ssafy.spring.util.CommonInterceptor2" />
		</interceptor>
	</interceptors>


</beans:beans>
